{
    "epoch": 50.0,
    "eval_accuracy": 0.9415884935138386,
    "eval_loss": 0.2971477806568146,
    "eval_runtime": 81.488,
    "eval_samples": 1559,
    "eval_samples_per_second": 19.132,
    "eval_steps_per_second": 19.132,
    "perplexity": 1.3460141996134376,
    "train_loss": 1.612826058496031,
    "train_runtime": 13480.852,
    "train_samples": 1559,
    "train_samples_per_second": 5.782,
    "train_steps_per_second": 5.782
}